{
    "Games": {
        "Crash Bandicoot 4: It's About Time": {
            "Default": {
                "Details": "Wumpas: {wumpasmodern} - Deaths: {deaths}",
                "State": "Crates: {currentcrates}/{maxcrates}",
                "LargeAsset": "logo",
                "SmallAsset": "",
                "LargeAssetText": "Crash Bandicoot 4: It's About Time",
                "SmallAssetText": "",
                "Button1Text": "",
                "Button1URL": "",
                "Button2Text": "",
                "Button2URL": ""
            }
        }
    }
}