{
    "Games": {
        "Devil May Cry 2": {
            "Default": {
                "Details": "Mission {mission} ({difficulty})",
                "State": "Health: {health}/{maxhealth}",
                "LargeAsset": "logo",
                "SmallAsset": "",
                "LargeAssetText": "Devil May Cry 2",
                "SmallAssetText": "",
                "Button1Text": "",
                "Button1URL": "",
                "Button2Text": "",
                "Button2URL": ""
            },
            "Bloody Palace": {
                "Details": "Bloody Palace - Level {level}",
                "State": "Health: {health}/{maxhealth}",
                "LargeAsset": "logo",
                "SmallAsset": "",
                "LargeAssetText": "Devil May Cry 2",
                "SmallAssetText": "",
                "Button1Text": "",
                "Button1URL": "",
                "Button2Text": "",
                "Button2URL": ""
            }
        }
    }
}