{
    "Games": {
        "Marvel's Spider-Man Remastered": {
            "Default": {
                "Details": "Health: {health} (Level {level})",
                "State": "Swinging in {location}",
                "LargeAsset": "logo",
                "SmallAsset": "",
                "LargeAssetText": "Marvel's Spider-Man Remastered",
                "SmallAssetText": "",
                "Button1Text": "",
                "Button1URL": "",
                "Button2Text": "",
                "Button2URL": ""
            }
        }
    }
}