{
    "Games": {
        "Mega Man Battle Network 3": {
            "Default": {
                "Details": "HP: {hp}/{maxhp} - Zenny: {zenny}",
                "State": "{location}",
                "LargeAsset": "logo",
                "SmallAsset": "",
                "LargeAssetText": "Mega Man Battle Network 3",
                "SmallAssetText": "",
                "Button1Text": "",
                "Button1URL": "",
                "Button2Text": "",
                "Button2URL": ""
            },
            "In_Battle": {
                "Details": "HP: {hp_battle}/{maxhp_battle}",
                "State": "{location} (In Battle)",
                "LargeAsset": "logo",
                "SmallAsset": "",
                "LargeAssetText": "Mega Man Battle Network 3",
                "SmallAssetText": "",
                "Button1Text": "",
                "Button1URL": "",
                "Button2Text": "",
                "Button2URL": ""
            }
        }
    }
}
