{
    "Games": {
        "Mega Man Battle Network 5": {
            "Default": {
                "Details": "HP: {hp}/{maxhp}",
                "State": "{location}",
                "LargeAsset": "{gameicon}",
                "SmallAsset": "",
                "LargeAssetText": "{gamename}",
                "SmallAssetText": "",
                "Button1Text": "",
                "Button1URL": "",
                "Button2Text": "",
                "Button2URL": ""
            },
            "In_Battle": {
                "Details": "HP: {hp_battle}/{maxhp_battle}",
                "State": "{location} (In Battle)",
                "LargeAsset": "{gameicon}",
                "SmallAsset": "",
                "LargeAssetText": "{gamename}",
                "SmallAssetText": "",
                "Button1Text": "",
                "Button1URL": "",
                "Button2Text": "",
                "Button2URL": ""
            }
        }
    }
}
