{
    "Games": {
        "Mega Man 11": {
            "Default": {
                "Details": "Bolts: {bolts} ({difficulty})",
                "State": "In stage select",
                "LargeAsset": "logo",
                "SmallAsset": "",
                "LargeAssetText": "Mega Man 11",
                "SmallAssetText": "",
                "Button1Text": "",
                "Button1URL": "",
                "Button2Text": "",
                "Button2URL": ""
            },
            "Ingame": {
                "Details": "Lives: {lives} ({difficulty})",
                "State": "{stage}",
                "LargeAsset": "{stage_icon_name}",
                "SmallAsset": "",
                "LargeAssetText": "{stage}",
                "SmallAssetText": "",
                "Button1Text": "",
                "Button1URL": "",
                "Button2Text": "",
                "Button2URL": ""
            }
        }
    }
}