{
    "Games": {
        "Mega Man Battle Network 4": {
            "Default": {
                "Details": "HP: {hp}/{maxhp}",
                "State": "Playing {gamename}",
                "LargeAsset": "{gameicon}",
                "SmallAsset": "",
                "LargeAssetText": "{gamename}",
                "SmallAssetText": "",
                "Button1Text": "",
                "Button1URL": "",
                "Button2Text": "",
                "Button2URL": ""
            },
            "In_Battle": {
                "Details": "HP: {hp}/{maxhp}",
                "State": "In Battle",
                "LargeAsset": "{gameicon}",
                "SmallAsset": "",
                "LargeAssetText": "{gamename}",
                "SmallAssetText": "",
                "Button1Text": "",
                "Button1URL": "",
                "Button2Text": "",
                "Button2URL": ""
            }
        }
    }
}
