{
    "Games": {
        "Persona 4 Golden": {
            "Default": {
                "Details": "Lv. {level}",
                "State": "{currenttime} - {currentday}",
                "LargeAsset": "logo",
                "SmallAsset": "",
                "LargeAssetText": "Persona 4 Golden",
                "SmallAssetText": "",
                "Button1Text": "",
                "Button1URL": "",
                "Button2Text": "",
                "Button2URL": ""
            },
            "Battle": {
                "Details": "In Battle",
                "State": "Lv. {level} - HP: {hp} - SP: {sp}",
                "LargeAsset": "logo",
                "SmallAsset": "",
                "LargeAssetText": "Persona 4 Golden",
                "SmallAssetText": "",
                "Button1Text": "",
                "Button1URL": "",
                "Button2Text": "",
                "Button2URL": ""
            }
        }
    }
}