{
    "Games": {
        "Persona 5 Strikers": {
            "Default": {
                "Details": "Lv. {level}",
                "State": "Money: {money}",
                "LargeAsset": "logo",
                "SmallAsset": "",
                "LargeAssetText": "Persona 5 Strikers",
                "SmallAssetText": "",
                "Button1Text": "",
                "Button1URL": "",
                "Button2Text": "",
                "Button2URL": ""
            },
            "Battle": {
                "Details": "In Battle",
                "State": "Lv. {level} - HP: {hp} - SP: {sp}",
                "LargeAsset": "logo",
                "SmallAsset": "",
                "LargeAssetText": "Persona 5 Strikers",
                "SmallAssetText": "",
                "Button1Text": "",
                "Button1URL": "",
                "Button2Text": "",
                "Button2URL": ""
            }
        }
    }
}