{
    "Games": {
        "Resident Evil 2": {
            "Default": {
                "Details": "Weapon: {weapon} - Ammo: {ammo}",
                "State": "Status: {healthstatus}",
                "LargeAsset": "logo",
                "SmallAsset": "",
                "LargeAssetText": "Resident Evil 2",
                "SmallAssetText": "",
                "Button1Text": "",
                "Button1URL": "",
                "Button2Text": "",
                "Button2URL": ""
            }
        }
    }
}