{
    "Games": {
        "Resident Evil Revelations 2": {
            "Lobby": {
                "Details": "Raid Mode: In Lobby",
                "State": "{character} (Lv. {level})",
                "LargeAsset": "logo",
                "SmallAsset": "",
                "LargeAssetText": "Resident Evil Revelations 2",
                "SmallAssetText": "",
                "Button1Text": "",
                "Button1URL": "",
                "Button2Text": "",
                "Button2URL": ""
            },
            "Ingame": {
                "Details": "Raid Mode: Mission {chapter}-0{mission}",
                "State": "{character} (Lv. {level})",
                "LargeAsset": "logo",
                "SmallAsset": "",
                "LargeAssetText": "Resident Evil Revelations 2",
                "SmallAssetText": "",
                "Button1Text": "",
                "Button1URL": "",
                "Button2Text": "",
                "Button2URL": ""
            }
        }
    }
}