{
    "Games": {
        "Visions of Mana": {
            "Default": {
                "Details": "Lv. {level} ({difficulty})",
                "State": "HP: {hp}/{hpmax} - MP: {mp}/{mpmax}",
                "LargeAsset": "logo",
                "SmallAsset": "",
                "LargeAssetText": "Visions of Mana",
                "SmallAssetText": "",
                "Button1Text": "",
                "Button1URL": "",
                "Button2Text": "",
                "Button2URL": ""
            }
        }
    }
}