{
   "Games":{
      "CRISIS CORE –FINAL FANTASY VII– REUNION":{
         "Default":{
            "Details":"Lv. {level} ({difficulty})",
            "State":"HP: {hp}/{maxhp} - MP: {mp}/{maxmp}",
            "LargeAsset":"logo",
            "SmallAsset":"",
            "LargeAssetText":"CRISIS CORE –FINAL FANTASY VII– REUNION",
            "SmallAssetText":"",
            "Button1Text":"",
            "Button1URL":"",
            "Button2Text":"",
            "Button2URL":""
         },
         "Mission":{
            "Details":"[In Mission] Lv. {level} ({difficulty})",
            "State":"HP: {hp_mission}/{maxhp_mission} - MP: {mp_mission}/{maxmp_mission}",
            "LargeAsset":"logo",
            "SmallAsset":"",
            "LargeAssetText":"CRISIS CORE –FINAL FANTASY VII– REUNION",
            "SmallAssetText":"",
            "Button1Text":"",
            "Button1URL":"",
            "Button2Text":"",
            "Button2URL":""
         }
      }
   }
}