{
   "Games":{
      "Kingdom Hearts Final Mix":{
         "Default":{
            "Details":"Lv. {level} ({difficulty})",
            "State":"{room}",
            "LargeAsset":"{world_icon_name}",
            "SmallAsset":"",
            "LargeAssetText":"{world}",
            "SmallAssetText":"",
            "Button1Text":"",
            "Button1URL":"",
            "Button2Text":"",
            "Button2URL":""
         },
         "Battle":{
            "Details":"Lv. {level} ({difficulty})",
            "State":"HP: {hp}/{hpmax} - MP: {mp}/{mpmax}",
            "LargeAsset":"{world_icon_name}",
            "SmallAsset":"battle",
            "LargeAssetText":"{world} - {room}",
            "SmallAssetText":"In Battle",
            "Button1Text":"",
            "Button1URL":"",
            "Button2Text":"",
            "Button2URL":""
         }
      }
   }
}