{
   "Games":{
      "Mega Man Battle Network 6":{
         "Default":{
            "Details":"HP: {hp}/{maxhp}",
            "State":"{location}",
            "LargeAsset":"logo",
            "SmallAsset":"",
            "LargeAssetText":"Mega Man Battle Network 6",
            "SmallAssetText":"",
            "Button1Text":"",
            "Button1URL":"",
            "Button2URL":"",
            "Button2Text":""
         },
         "In_Battle":{
            "Details":"HP: {hp_battle}/{maxhp_battle}",
            "State":"{location} (In Battle)",
            "LargeAsset":"logo",
            "SmallAsset":"",
            "LargeAssetText":"Mega Man Battle Network 6",
            "SmallAssetText":"",
            "Button1Text":"",
            "Button1URL":"",
            "Button2Text":"",
            "Button2URL":""
         }
      }
   }
}