{
   "Games":{
      "Sonic Adventure DX":{
         "Adventure Field":{
            "Details":"In Adventure Field",
            "State":"{level}",
            "LargeAsset":"{character_icon}",
            "SmallAsset":"",
            "LargeAssetText":"Playing as {character}",
            "SmallAssetText":"",
            "Button1Text":"",
            "Button1URL":"",
            "Button2Text":"",
            "Button2URL":""
         },
         "Level":{
            "Details":"Rings: {rings} - Lives: {lives}",
            "State":"{level}",
            "LargeAsset":"{character_icon}",
            "SmallAsset":"",
            "LargeAssetText":"Playing as {character}",
            "SmallAssetText":"",
            "Button1Text":"",
            "Button1URL":"",
            "Button2Text":"",
            "Button2URL":""
         }
      }
   }
}