{
   "Games":{
      "Kingdom Hearts Re:Chain of Memories":{
         "Default":{
            "Details":"Lv. {level} ({difficulty})",
            "State":"{world}",
            "LargeAsset":"{world_icon_name}",
            "SmallAsset":"{character_icon_name}",
            "LargeAssetText":"{world}",
            "SmallAssetText":"Playing as {character}",
            "Button1Text":"",
            "Button1URL":"",
            "Button2Text":"",
            "Button2URL":""
         },
         "Battle":{
            "Details":"Lv. {level} ({difficulty})",
            "State":"HP: {hp}/{hpmax}",
            "LargeAsset":"{world_icon_name}",
            "SmallAsset":"battle",
            "LargeAssetText":"{world} - {room}",
            "SmallAssetText":"In Battle",
            "Button1Text":"",
            "Button1URL":"",
            "Button2Text":"",
            "Button2URL":""
         }
      }
   }
}